CODE_LIGNE;LIBELLE_LIGNE;NOM_VOIE;IDRESEAU;X Debut (WGS84);Y Debut (WGS84);X Fin (WGS84);Y Fin (WGS84)
326000;Ligne de la bifurcation de Neuville à Cergy-Préfecture;V1;308563;2,073467648;49,00283403;2,073636033;49,00397586
326000;Ligne de la bifurcation de Neuville à Cergy-Préfecture;V1;308564;2,073636033;49,00397586;2,076254898;49,00942767
326000;Ligne de la bifurcation de Neuville à Cergy-Préfecture;V1;308565;2,076254898;49,00942767;2,076694699;49,00989208
326000;Ligne de la bifurcation de Neuville à Cergy-Préfecture;V1;308566;2,076694699;49,00989208;2,078332177;49,01344188
326000;Ligne de la bifurcation de Neuville à Cergy-Préfecture;V1;308567;2,078332177;49,01344188;2,08077612;49,01792895
326000;Ligne de la bifurcation de Neuville à Cergy-Préfecture;V1;308568;2,08077612;49,01792895;2,084079549;49,0198607
326000;Ligne de la bifurcation de Neuville à Cergy-Préfecture;V1;308569;2,084079549;49,0198607;2,086283214;49,02108556
326000;Ligne de la bifurcation de Neuville à Cergy-Préfecture;V1;308570;2,086283214;49,02108556;2,089724956;49,02403322
326000;Ligne de la bifurcation de Neuville à Cergy-Préfecture;V1;308571;2,089724956;49,02403322;2,089824925;49,02420164
326000;Ligne de la bifurcation de Neuville à Cergy-Préfecture;V1;308572;2,089824925;49,02420164;2,087977285;49,03164082
326000;Ligne de la bifurcation de Neuville à Cergy-Préfecture;V1;308573;2,087977285;49,03164082;2,083127444;49,0341838
326000;Ligne de la bifurcation de Neuville à Cergy-Préfecture;V1;308574;2,083127444;49,0341838;2,079905862;49,0361471
326000;Ligne de la bifurcation de Neuville à Cergy-Préfecture;V1;308575;2,079905862;49,0361471;2,078348625;49,03725481
326000;Ligne de la bifurcation de Neuville à Cergy-Préfecture;V1;308576;2,078348625;49,03725481;2,076283567;49,03877019
326000;Ligne de la bifurcation de Neuville à Cergy-Préfecture;V1;308577;2,076283567;49,03877019;2,074641167;49,03996251
326000;Ligne de la bifurcation de Neuville à Cergy-Préfecture;V1;308578;2,074641167;49,03996251;2,074007132;49,04042897
326000;Ligne de la bifurcation de Neuville à Cergy-Préfecture;V1;308579;2,074007132;49,04042897;2,071548766;49,04266494
326000;Ligne de la bifurcation de Neuville à Cergy-Préfecture;V1;308580;2,071548766;49,04266494;2,070678011;49,04364498
326000;Ligne de la bifurcation de Neuville à Cergy-Préfecture;V1;308581;2,070678011;49,04364498;2,065376713;49,04655133
326000;Ligne de la bifurcation de Neuville à Cergy-Préfecture;V1;308582;2,065376713;49,04655133;2,064993034;49,04664226
326000;Ligne de la bifurcation de Neuville à Cergy-Préfecture;V1;308583;2,064993034;49,04664226;2,061473401;49,04702748
326000;Ligne de la bifurcation de Neuville à Cergy-Préfecture;V1;308584;2,061473401;49,04702748;2,058781938;49,04719356
326000;Ligne de la bifurcation de Neuville à Cergy-Préfecture;V1;308585;2,058781938;49,04719356;2,021280024;49,05091897
326000;Ligne de la bifurcation de Neuville à Cergy-Préfecture;V1;308586;2,021280024;49,05091897;2,01787476;49,05096261
326000;Ligne de la bifurcation de Neuville à Cergy-Préfecture;V1;308587;2,01787476;49,05096261;2,012704126;49,0489639
326000;Ligne de la bifurcation de Neuville à Cergy-Préfecture;V1;308588;2,012704126;49,0489639;2,00910804;49,04651147
326000;Ligne de la bifurcation de Neuville à Cergy-Préfecture;V1;308589;2,00910804;49,04651147;2,006941776;49,04342601
338000;Ligne d'Achères à Pontoise;V1;313684;2,131956674;48,95399353;2,129789661;48,95526338
338000;Ligne d'Achères à Pontoise;V1;313685;2,129789661;48,95526338;2,127206376;48,95646171
338000;Ligne d'Achères à Pontoise;V1;313686;2,127206376;48,95646171;2,125412582;48,95737601
338000;Ligne d'Achères à Pontoise;V1;313687;2,125412582;48,95737601;2,123606845;48,95824971
338000;Ligne d'Achères à Pontoise;V1;313688;2,123606845;48,95824971;2,121218737;48,95897439
338000;Ligne d'Achères à Pontoise;V1;313689;2,121218737;48,95897439;2,118567467;48,95952875
338000;Ligne d'Achères à Pontoise;V1;313690;2,118567467;48,95952875;2,11778431;48,9596807
338000;Ligne d'Achères à Pontoise;V1;313691;2,11778431;48,9596807;2,111640449;48,96040189
338000;Ligne d'Achères à Pontoise;V1;313692;2,111640449;48,96040189;2,107704404;48,960291
338000;Ligne d'Achères à Pontoise;V1;313693;2,107704404;48,960291;2,103738249;48,95979668
338000;Ligne d'Achères à Pontoise;V1;313694;2,103738249;48,95979668;2,103257781;48,95969878
338000;Ligne d'Achères à Pontoise;V1;313695;2,103257781;48,95969878;2,099800023;48,95881667
338000;Ligne d'Achères à Pontoise;V1;313696;2,099800023;48,95881667;2,097372012;48,95803336
338000;Ligne d'Achères à Pontoise;V1;313697;2,097372012;48,95803336;2,094498162;48,95687216
338000;Ligne d'Achères à Pontoise;V1;313698;2,094498162;48,95687216;2,094389003;48,95681586
338000;Ligne d'Achères à Pontoise;V1;313699;2,094389003;48,95681586;2,091928566;48,95585549
338000;Ligne d'Achères à Pontoise;V1;313700;2,091928566;48,95585549;2,084079412;48,95646042
338000;Ligne d'Achères à Pontoise;V1;313701;2,084079412;48,95646042;2,081741345;48,9586004
338000;Ligne d'Achères à Pontoise;V1;313702;2,081741345;48,9586004;2,080851479;48,96000219
338000;Ligne d'Achères à Pontoise;V1;313703;2,080851479;48,96000219;2,079311993;48,96265564
338000;Ligne d'Achères à Pontoise;V1;313704;2,079311993;48,96265564;2,077658571;48,96933115
338000;Ligne d'Achères à Pontoise;V1;313705;2,077658571;48,96933115;2,077986891;48,97802289
338000;Ligne d'Achères à Pontoise;V1;313706;2,077986891;48,97802289;2,07737496;48,98290618
338000;Ligne d'Achères à Pontoise;V1;313707;2,07737496;48,98290618;2,076555023;48,98478692
338000;Ligne d'Achères à Pontoise;V1;313708;2,076555023;48,98478692;2,074323719;48,98932296
338000;Ligne d'Achères à Pontoise;V1;313709;2,074323719;48,98932296;2,073596389;48,99174072
338000;Ligne d'Achères à Pontoise;V1;313710;2,073596389;48,99174072;2,07330726;48,99385174
338000;Ligne d'Achères à Pontoise;V1;313711;2,07330726;48,99385174;2,073354188;48,99593383
338000;Ligne d'Achères à Pontoise;V1;313712;2,073354188;48,99593383;2,073423334;48,99801637
338000;Ligne d'Achères à Pontoise;V1;313713;2,073423334;48,99801637;2,073189566;48,99996949
338000;Ligne d'Achères à Pontoise;V1;313714;2,073189566;48,99996949;2,073261829;49,001771
338000;Ligne d'Achères à Pontoise;V1;313715;2,073261829;49,001771;2,073867033;49,00487087
340000;Ligne de Paris-St-Lazare au Havre;V1;313833;2,180685122;48,92267602;2,175520601;48,92567465
340000;Ligne de Paris-St-Lazare au Havre;V1;313834;2,175520601;48,92567465;2,171736094;48,92802472
340000;Ligne de Paris-St-Lazare au Havre;V1;313835;2,171736094;48,92802472;2,163999344;48,93318446
340000;Ligne de Paris-St-Lazare au Havre;V1;313836;2,163999344;48,93318446;2,162621708;48,93407778
340000;Ligne de Paris-St-Lazare au Havre;V1;313837;2,162621708;48,93407778;2,161533864;48,93476899
340000;Ligne de Paris-St-Lazare au Havre;V1;313838;2,161533864;48,93476899;2,160455477;48,93545356
340000;Ligne de Paris-St-Lazare au Havre;V1;313839;2,160455477;48,93545356;2,159747753;48,93590884
340000;Ligne de Paris-St-Lazare au Havre;V1;313840;2,159747753;48,93590884;2,157400136;48,93737066
340000;Ligne de Paris-St-Lazare au Havre;V1;313841;2,157400136;48,93737066;2,155578685;48,9384609
340000;Ligne de Paris-St-Lazare au Havre;V1;313842;2,155578685;48,9384609;2,152749857;48,9402081
340000;Ligne de Paris-St-Lazare au Havre;V1;313843;2,152749857;48,9402081;2,150754639;48,94150801
340000;Ligne de Paris-St-Lazare au Havre;V1;313844;2,150754639;48,94150801;2,149888319;48,94207365
340000;Ligne de Paris-St-Lazare au Havre;V1;313845;2,149888319;48,94207365;2,148979299;48,94273616
340000;Ligne de Paris-St-Lazare au Havre;V1;313846;2,148979299;48,94273616;2,146728565;48,94428969
340000;Ligne de Paris-St-Lazare au Havre;V1;313847;2,146728565;48,94428969;2,146630415;48,94435231
340000;Ligne de Paris-St-Lazare au Havre;V1;313848;2,146630415;48,94435231;2,143509496;48,94637753
340000;Ligne de Paris-St-Lazare au Havre;V1;313849;2,143509496;48,94637753;2,142255517;48,94723516
340000;Ligne de Paris-St-Lazare au Havre;V1;313850;2,142255517;48,94723516;2,14216045;48,94730009
340000;Ligne de Paris-St-Lazare au Havre;V1;313851;2,14216045;48,94730009;2,140058956;48,94868901
340000;Ligne de Paris-St-Lazare au Havre;V1;313852;2,140058956;48,94868901;2,137237825;48,95051464
340000;Ligne de Paris-St-Lazare au Havre;V1;313853;2,137237825;48,95051464;2,135879336;48,95137948
340000;Ligne de Paris-St-Lazare au Havre;V1;313854;2,135879336;48,95137948;2,134717587;48,95212034
340000;Ligne de Paris-St-Lazare au Havre;V1;313855;2,134717587;48,95212034;2,130686308;48,95467797
973000;Ligne de Paris-St-Lazare à Versailles-Rive-Droite;V1;353758;2,323897457;48,87651189;2,323236338;48,87760224
973000;Ligne de Paris-St-Lazare à Versailles-Rive-Droite;V1;353759;2,323236338;48,87760224;2,318885941;48,88376497
973000;Ligne de Paris-St-Lazare à Versailles-Rive-Droite;V1;353760;2,318885941;48,88376497;2,316350152;48,88619459
973000;Ligne de Paris-St-Lazare à Versailles-Rive-Droite;V1;353761;2,316350152;48,88619459;2,314350579;48,88743971
973000;Ligne de Paris-St-Lazare à Versailles-Rive-Droite;V1;353762;2,314350579;48,88743971;2,314112856;48,88754174
973000;Ligne de Paris-St-Lazare à Versailles-Rive-Droite;V1;353763;2,314112856;48,88754174;2,311417949;48,88890051
973000;Ligne de Paris-St-Lazare à Versailles-Rive-Droite;V1;353764;2,311417949;48,88890051;2,309490265;48,89000675
973000;Ligne de Paris-St-Lazare à Versailles-Rive-Droite;V1;353765;2,309490265;48,89000675;2,307508383;48,89134001
973000;Ligne de Paris-St-Lazare à Versailles-Rive-Droite;V1;353766;2,307508383;48,89134001;2,305565102;48,89263913
973000;Ligne de Paris-St-Lazare à Versailles-Rive-Droite;V1;353767;2,305565102;48,89263913;2,304245007;48,89348709
973000;Ligne de Paris-St-Lazare à Versailles-Rive-Droite;V1;353768;2,304245007;48,89348709;2,302466318;48,89457588
973000;Ligne de Paris-St-Lazare à Versailles-Rive-Droite;V1;353769;2,302466318;48,89457588;2,301295901;48,89525926
973000;Ligne de Paris-St-Lazare à Versailles-Rive-Droite;V1;353770;2,301295901;48,89525926;2,299979732;48,89603684
973000;Ligne de Paris-St-Lazare à Versailles-Rive-Droite;V1;353771;2,299979732;48,89603684;2,298299058;48,89691473
973000;Ligne de Paris-St-Lazare à Versailles-Rive-Droite;V1;353772;2,298299058;48,89691473;2,296553028;48,89784597
973000;Ligne de Paris-St-Lazare à Versailles-Rive-Droite;V1;353773;2,296553028;48,89784597;2,295247092;48,8987023
973000;Ligne de Paris-St-Lazare à Versailles-Rive-Droite;V1;353774;2,295247092;48,8987023;2,29495038;48,89887699
973000;Ligne de Paris-St-Lazare à Versailles-Rive-Droite;V1;353775;2,29495038;48,89887699;2,293483776;48,89976263
973000;Ligne de Paris-St-Lazare à Versailles-Rive-Droite;V1;353776;2,293483776;48,89976263;2,292209264;48,90054076
973000;Ligne de Paris-St-Lazare à Versailles-Rive-Droite;V1;353777;2,292209264;48,90054076;2,290126581;48,90175948
973000;Ligne de Paris-St-Lazare à Versailles-Rive-Droite;V1;353778;2,290126581;48,90175948;2,289229506;48,90227842
973000;Ligne de Paris-St-Lazare à Versailles-Rive-Droite;V1;353779;2,289229506;48,90227842;2,288205079;48,90284784
973000;Ligne de Paris-St-Lazare à Versailles-Rive-Droite;V1;353780;2,288205079;48,90284784;2,285010917;48,90471136
973000;Ligne de Paris-St-Lazare à Versailles-Rive-Droite;V1;353781;2,285010917;48,90471136;2,28294787;48,90567577
973000;Ligne de Paris-St-Lazare à Versailles-Rive-Droite;V1;353782;2,28294787;48,90567577;2,282235543;48,90593698
973000;Ligne de Paris-St-Lazare à Versailles-Rive-Droite;V1;353783;2,282235543;48,90593698;2,279736075;48,90657735
973000;Ligne de Paris-St-Lazare à Versailles-Rive-Droite;V1;353784;2,279736075;48,90657735;2,278785934;48,90669516
973000;Ligne de Paris-St-Lazare à Versailles-Rive-Droite;V1;353785;2,278785934;48,90669516;2,277479538;48,90677649
973000;Ligne de Paris-St-Lazare à Versailles-Rive-Droite;V1;353786;2,277479538;48,90677649;2,273581241;48,90651017
973000;Ligne de Paris-St-Lazare à Versailles-Rive-Droite;V1;353787;2,273581241;48,90651017;2,272792847;48,90636736
973000;Ligne de Paris-St-Lazare à Versailles-Rive-Droite;V1;353788;2,272792847;48,90636736;2,270371252;48,90573646
973000;Ligne de Paris-St-Lazare à Versailles-Rive-Droite;V1;353789;2,270371252;48,90573646;2,26953105;48,90548194
973000;Ligne de Paris-St-Lazare à Versailles-Rive-Droite;V1;353790;2,26953105;48,90548194;2,266262805;48,90442462
973000;Ligne de Paris-St-Lazare à Versailles-Rive-Droite;V1;353791;2,266262805;48,90442462;2,252650987;48,89991762
973000;Ligne de Paris-St-Lazare à Versailles-Rive-Droite;V1;353792;2,252650987;48,89991762;2,248879993;48,89848483
973000;Ligne de Paris-St-Lazare à Versailles-Rive-Droite;V1;353793;2,248879993;48,89848483;2,2433431;48,89614782
973000;Ligne de Paris-St-Lazare à Versailles-Rive-Droite;V1;353794;2,2433431;48,89614782;2,239378404;48,89418702
973000;Ligne de Paris-St-Lazare à Versailles-Rive-Droite;V1;353795;2,239378404;48,89418702;2,237629517;48,89267028
973000;Ligne de Paris-St-Lazare à Versailles-Rive-Droite;V1;353796;2,237629517;48,89267028;2,236281176;48,89056993
973000;Ligne de Paris-St-Lazare à Versailles-Rive-Droite;V1;353797;2,236281176;48,89056993;2,235513109;48,88808039
973000;Ligne de Paris-St-Lazare à Versailles-Rive-Droite;V1;353798;2,235513109;48,88808039;2,232325485;48,88206488
973000;Ligne de Paris-St-Lazare à Versailles-Rive-Droite;V1;353799;2,232325485;48,88206488;2,228435688;48,87867188
973000;Ligne de Paris-St-Lazare à Versailles-Rive-Droite;V1;353800;2,228435688;48,87867188;2,227056278;48,87744075
973000;Ligne de Paris-St-Lazare à Versailles-Rive-Droite;V1;353801;2,227056278;48,87744075;2,225354729;48,87590795
973000;Ligne de Paris-St-Lazare à Versailles-Rive-Droite;V1;353802;2,225354729;48,87590795;2,223541238;48,87431714
973000;Ligne de Paris-St-Lazare à Versailles-Rive-Droite;V1;353803;2,223541238;48,87431714;2,221296402;48,87187099
973000;Ligne de Paris-St-Lazare à Versailles-Rive-Droite;V1;353804;2,221296402;48,87187099;2,2202453;48,8697773
973000;Ligne de Paris-St-Lazare à Versailles-Rive-Droite;V1;353805;2,2202453;48,8697773;2,219818248;48,86871092
973000;Ligne de Paris-St-Lazare à Versailles-Rive-Droite;V1;353806;2,219818248;48,86871092;2,219346967;48,86754678
973000;Ligne de Paris-St-Lazare à Versailles-Rive-Droite;V1;353807;2,219346967;48,86754678;2,217394659;48,86235831
973000;Ligne de Paris-St-Lazare à Versailles-Rive-Droite;V1;353808;2,217394659;48,86235831;2,21659957;48,85974411
973000;Ligne de Paris-St-Lazare à Versailles-Rive-Droite;V1;353809;2,21659957;48,85974411;2,216488189;48,85869758
973000;Ligne de Paris-St-Lazare à Versailles-Rive-Droite;V1;353810;2,216488189;48,85869758;2,21648545;48,85799021
973000;Ligne de Paris-St-Lazare à Versailles-Rive-Droite;V1;353811;2,21648545;48,85799021;2,216545882;48,85708712
973000;Ligne de Paris-St-Lazare à Versailles-Rive-Droite;V1;353812;2,216545882;48,85708712;2,217218403;48,85139894
973000;Ligne de Paris-St-Lazare à Versailles-Rive-Droite;V1;353813;2,217218403;48,85139894;2,217569513;48,84978924
973000;Ligne de Paris-St-Lazare à Versailles-Rive-Droite;V1;353814;2,217569513;48,84978924;2,21791949;48,84843279
973000;Ligne de Paris-St-Lazare à Versailles-Rive-Droite;V1;353815;2,21791949;48,84843279;2,217931876;48,84707178
973000;Ligne de Paris-St-Lazare à Versailles-Rive-Droite;V1;353816;2,217931876;48,84707178;2,216874949;48,84451631
973000;Ligne de Paris-St-Lazare à Versailles-Rive-Droite;V1;353817;2,216874949;48,84451631;2,211042532;48,84080148
973000;Ligne de Paris-St-Lazare à Versailles-Rive-Droite;V1;353818;2,211042532;48,84080148;2,208814332;48,84013724
973000;Ligne de Paris-St-Lazare à Versailles-Rive-Droite;V1;353819;2,208814332;48,84013724;2,201841312;48,83336252
973000;Ligne de Paris-St-Lazare à Versailles-Rive-Droite;V1;353820;2,201841312;48,83336252;2,200257056;48,82452967
973000;Ligne de Paris-St-Lazare à Versailles-Rive-Droite;V1;353821;2,200257056;48,82452967;2,195556699;48,81878528
973000;Ligne de Paris-St-Lazare à Versailles-Rive-Droite;V1;353822;2,195556699;48,81878528;2,194494304;48,81821955
973000;Ligne de Paris-St-Lazare à Versailles-Rive-Droite;V1;353823;2,194494304;48,81821955;2,190295964;48,81508609
973000;Ligne de Paris-St-Lazare à Versailles-Rive-Droite;V1;353824;2,190295964;48,81508609;2,187230159;48,81126319
973000;Ligne de Paris-St-Lazare à Versailles-Rive-Droite;V1;353825;2,187230159;48,81126319;2,173940377;48,80554837
973000;Ligne de Paris-St-Lazare à Versailles-Rive-Droite;V1;353826;2,173940377;48,80554837;2,15883339;48,80532114
973000;Ligne de Paris-St-Lazare à Versailles-Rive-Droite;V1;353827;2,15883339;48,80532114;2,149255274;48,8073191
973000;Ligne de Paris-St-Lazare à Versailles-Rive-Droite;V1;353828;2,149255274;48,8073191;2,142335813;48,80907548
973000;Ligne de Paris-St-Lazare à Versailles-Rive-Droite;V1;353829;2,142335813;48,80907548;2,135235533;48,80953391
974000;Ligne de St-Cloud à St-Nom-la-Bretèche-Forêt-de-Marly;V1;353901;2,210653031;48,84068209;2,206840165;48,83854524
974000;Ligne de St-Cloud à St-Nom-la-Bretèche-Forêt-de-Marly;V1;353902;2,206840165;48,83854524;2,196207634;48,83925428
974000;Ligne de St-Cloud à St-Nom-la-Bretèche-Forêt-de-Marly;V1;353903;2,196207634;48,83925428;2,191866028;48,83967642
974000;Ligne de St-Cloud à St-Nom-la-Bretèche-Forêt-de-Marly;V1;353904;2,191866028;48,83967642;2,187504627;48,83834139
974000;Ligne de St-Cloud à St-Nom-la-Bretèche-Forêt-de-Marly;V1;353905;2,187504627;48,83834139;2,186943799;48,83803973
974000;Ligne de St-Cloud à St-Nom-la-Bretèche-Forêt-de-Marly;V1;353906;2,186943799;48,83803973;2,181256683;48,83625743
974000;Ligne de St-Cloud à St-Nom-la-Bretèche-Forêt-de-Marly;V1;353907;2,181256683;48,83625743;2,179628256;48,83606771
974000;Ligne de St-Cloud à St-Nom-la-Bretèche-Forêt-de-Marly;V1;353908;2,179628256;48,83606771;2,176975263;48,83574482
974000;Ligne de St-Cloud à St-Nom-la-Bretèche-Forêt-de-Marly;V1;353909;2,176975263;48,83574482;2,162755361;48,83403478
974000;Ligne de St-Cloud à St-Nom-la-Bretèche-Forêt-de-Marly;V1;353910;2,162755361;48,83403478;2,155427151;48,83523835
974000;Ligne de St-Cloud à St-Nom-la-Bretèche-Forêt-de-Marly;V1;353911;2,155427151;48,83523835;2,155021989;48,8354794
974000;Ligne de St-Cloud à St-Nom-la-Bretèche-Forêt-de-Marly;V1;353912;2,155021989;48,8354794;2,153517929;48,8362514
974000;Ligne de St-Cloud à St-Nom-la-Bretèche-Forêt-de-Marly;V1;353913;2,153517929;48,8362514;2,152971304;48,83648904
974000;Ligne de St-Cloud à St-Nom-la-Bretèche-Forêt-de-Marly;V1;353914;2,152971304;48,83648904;2,148281714;48,83808832
974000;Ligne de St-Cloud à St-Nom-la-Bretèche-Forêt-de-Marly;V1;353915;2,148281714;48,83808832;2,145135596;48,83870622
974000;Ligne de St-Cloud à St-Nom-la-Bretèche-Forêt-de-Marly;V1;353916;2,145135596;48,83870622;2,141172067;48,84050484
974000;Ligne de St-Cloud à St-Nom-la-Bretèche-Forêt-de-Marly;V1;353917;2,141172067;48,84050484;2,13391989;48,84570314
974000;Ligne de St-Cloud à St-Nom-la-Bretèche-Forêt-de-Marly;V1;353918;2,13391989;48,84570314;2,131232145;48,8485204
974000;Ligne de St-Cloud à St-Nom-la-Bretèche-Forêt-de-Marly;V1;353919;2,131232145;48,8485204;2,131256108;48,85047931
974000;Ligne de St-Cloud à St-Nom-la-Bretèche-Forêt-de-Marly;V1;353920;2,131256108;48,85047931;2,13194324;48,85360516
974000;Ligne de St-Cloud à St-Nom-la-Bretèche-Forêt-de-Marly;V1;353921;2,13194324;48,85360516;2,131975235;48,85618491
974000;Ligne de St-Cloud à St-Nom-la-Bretèche-Forêt-de-Marly;V1;353922;2,131975235;48,85618491;2,13170262;48,85729207
974000;Ligne de St-Cloud à St-Nom-la-Bretèche-Forêt-de-Marly;V1;353923;2,13170262;48,85729207;2,128270838;48,86077841
974000;Ligne de St-Cloud à St-Nom-la-Bretèche-Forêt-de-Marly;V1;353924;2,128270838;48,86077841;2,125495613;48,86108821
974000;Ligne de St-Cloud à St-Nom-la-Bretèche-Forêt-de-Marly;V1;353925;2,125495613;48,86108821;2,119035058;48,86261901
974000;Ligne de St-Cloud à St-Nom-la-Bretèche-Forêt-de-Marly;V1;353926;2,119035058;48,86261901;2,116624431;48,86369688
974000;Ligne de St-Cloud à St-Nom-la-Bretèche-Forêt-de-Marly;V1;353927;2,116624431;48,86369688;2,113585942;48,86524895
974000;Ligne de St-Cloud à St-Nom-la-Bretèche-Forêt-de-Marly;V1;353928;2,113585942;48,86524895;2,112441681;48,86734023
974000;Ligne de St-Cloud à St-Nom-la-Bretèche-Forêt-de-Marly;V1;353929;2,112441681;48,86734023;2,106084971;48,87108085
974000;Ligne de St-Cloud à St-Nom-la-Bretèche-Forêt-de-Marly;V1;353930;2,106084971;48,87108085;2,100762137;48,87108869
974000;Ligne de St-Cloud à St-Nom-la-Bretèche-Forêt-de-Marly;V1;353931;2,100762137;48,87108869;2,09899473;48,87116647
974000;Ligne de St-Cloud à St-Nom-la-Bretèche-Forêt-de-Marly;V1;353932;2,09899473;48,87116647;2,089206233;48,87239346
974000;Ligne de St-Cloud à St-Nom-la-Bretèche-Forêt-de-Marly;V1;353933;2,089206233;48,87239346;2,08235604;48,87129185
974000;Ligne de St-Cloud à St-Nom-la-Bretèche-Forêt-de-Marly;V1;353934;2,08235604;48,87129185;2,077720676;48,86862507
974000;Ligne de St-Cloud à St-Nom-la-Bretèche-Forêt-de-Marly;V1;353935;2,077720676;48,86862507;2,074933522;48,86611781
974000;Ligne de St-Cloud à St-Nom-la-Bretèche-Forêt-de-Marly;V1;353936;2,074933522;48,86611781;2,070030753;48,86324546
974000;Ligne de St-Cloud à St-Nom-la-Bretèche-Forêt-de-Marly;V1;353937;2,070030753;48,86324546;2,068563627;48,86302929
974000;Ligne de St-Cloud à St-Nom-la-Bretèche-Forêt-de-Marly;V1;353938;2,068563627;48,86302929;2,061143012;48,8643865
974000;Ligne de St-Cloud à St-Nom-la-Bretèche-Forêt-de-Marly;V1;353939;2,061143012;48,8643865;2,055422973;48,86578223
974000;Ligne de St-Cloud à St-Nom-la-Bretèche-Forêt-de-Marly;V1;353940;2,055422973;48,86578223;2,051247939;48,86853506
974000;Ligne de St-Cloud à St-Nom-la-Bretèche-Forêt-de-Marly;V1;353941;2,051247939;48,86853506;2,051985347;48,86950823
975000;Ligne de Paris-St-Lazare à St-Germain-en-Laye;V1;353984;2,324279017;48,87653842;2,318638517;48,88416754
975000;Ligne de Paris-St-Lazare à St-Germain-en-Laye;V1;353985;2,318638517;48,88416754;2,316672921;48,88604665
975000;Ligne de Paris-St-Lazare à St-Germain-en-Laye;V1;353986;2,316672921;48,88604665;2,31440593;48,88769174
975000;Ligne de Paris-St-Lazare à St-Germain-en-Laye;V1;353987;2,31440593;48,88769174;2,311384369;48,88946476
975000;Ligne de Paris-St-Lazare à St-Germain-en-Laye;V1;353988;2,311384369;48,88946476;2,310359044;48,89006024
975000;Ligne de Paris-St-Lazare à St-Germain-en-Laye;V1;353989;2,310359044;48,89006024;2,308305531;48,89123772
975000;Ligne de Paris-St-Lazare à St-Germain-en-Laye;V1;353990;2,308305531;48,89123772;2,305668235;48,89279889
975000;Ligne de Paris-St-Lazare à St-Germain-en-Laye;V1;353991;2,305668235;48,89279889;2,305171508;48,89310628
975000;Ligne de Paris-St-Lazare à St-Germain-en-Laye;V1;353992;2,305171508;48,89310628;2,302648511;48,89461515
975000;Ligne de Paris-St-Lazare à St-Germain-en-Laye;V1;353993;2,302648511;48,89461515;2,301316661;48,89538517
975000;Ligne de Paris-St-Lazare à St-Germain-en-Laye;V1;353994;2,301316661;48,89538517;2,300199551;48,89604404
975000;Ligne de Paris-St-Lazare à St-Germain-en-Laye;V1;353995;2,300199551;48,89604404;2,299170412;48,89663248
975000;Ligne de Paris-St-Lazare à St-Germain-en-Laye;V1;353996;2,299170412;48,89663248;2,298953873;48,89674156
975000;Ligne de Paris-St-Lazare à St-Germain-en-Laye;V1;353997;2,298953873;48,89674156;2,296610986;48,89796889
975000;Ligne de Paris-St-Lazare à St-Germain-en-Laye;V1;353998;2,296610986;48,89796889;2,295201754;48,89881635
975000;Ligne de Paris-St-Lazare à St-Germain-en-Laye;V1;353999;2,295201754;48,89881635;2,293688835;48,89972224
975000;Ligne de Paris-St-Lazare à St-Germain-en-Laye;V1;354000;2,293688835;48,89972224;2,292700274;48,90034058
975000;Ligne de Paris-St-Lazare à St-Germain-en-Laye;V1;354001;2,292700274;48,90034058;2,290982142;48,90136499
975000;Ligne de Paris-St-Lazare à St-Germain-en-Laye;V1;354002;2,290982142;48,90136499;2,28902497;48,90248227
975000;Ligne de Paris-St-Lazare à St-Germain-en-Laye;V1;354003;2,28902497;48,90248227;2,288089522;48,90300516
975000;Ligne de Paris-St-Lazare à St-Germain-en-Laye;V1;354004;2,288089522;48,90300516;2,284225298;48,90525833
975000;Ligne de Paris-St-Lazare à St-Germain-en-Laye;V1;354005;2,284225298;48,90525833;2,281815739;48,90620157
975000;Ligne de Paris-St-Lazare à St-Germain-en-Laye;V1;354006;2,281815739;48,90620157;2,279161602;48,90672008
975000;Ligne de Paris-St-Lazare à St-Germain-en-Laye;V1;354007;2,279161602;48,90672008;2,274080379;48,90670399
975000;Ligne de Paris-St-Lazare à St-Germain-en-Laye;V1;354008;2,274080379;48,90670399;2,270628373;48,90596144
975000;Ligne de Paris-St-Lazare à St-Germain-en-Laye;V1;354019;2,239037166;48,90933019;2,238348169;48,90910135
975000;Ligne de Paris-St-Lazare à St-Germain-en-Laye;V1;354020;2,238348169;48,90910135;2,235433183;48,90806095
975000;Ligne de Paris-St-Lazare à St-Germain-en-Laye;V1;354021;2,235433183;48,90806095;2,23057251;48,90648796
975000;Ligne de Paris-St-Lazare à St-Germain-en-Laye;V1;354022;2,23057251;48,90648796;2,227421573;48,9055564
975000;Ligne de Paris-St-Lazare à St-Germain-en-Laye;V1;354023;2,227421573;48,9055564;2,219205547;48,90287513
975000;Ligne de Paris-St-Lazare à St-Germain-en-Laye;V1;354024;2,219205547;48,90287513;2,21690073;48,90215062
975000;Ligne de Paris-St-Lazare à St-Germain-en-Laye;V1;354025;2,21690073;48,90215062;2,215125162;48,90159818
975000;Ligne de Paris-St-Lazare à St-Germain-en-Laye;V1;354026;2,215125162;48,90159818;2,206143664;48,90160388
975000;Ligne de Paris-St-Lazare à St-Germain-en-Laye;V1;354027;2,206143664;48,90160388;2,205584327;48,90179331
975900;Ligne de Nanterre-Université à Sartrouville;V1;354073;2,205584327;48,90179331;2,202007843;48,90295215
975900;Ligne de Nanterre-Université à Sartrouville;V1;354074;2,202007843;48,90295215;2,197457417;48,90527353
975900;Ligne de Nanterre-Université à Sartrouville;V1;354075;2,197457417;48,90527353;2,196008209;48,90777827
975900;Ligne de Nanterre-Université à Sartrouville;V1;354076;2,196008209;48,90777827;2,195577117;48,91001834
975900;Ligne de Nanterre-Université à Sartrouville;V1;354077;2,195577117;48,91001834;2,193052634;48,91655289
975900;Ligne de Nanterre-Université à Sartrouville;V1;354078;2,193052634;48,91655289;2,192385588;48,91687553
975900;Ligne de Nanterre-Université à Sartrouville;V1;354079;2,192385588;48,91687553;2,190134811;48,91792629
975900;Ligne de Nanterre-Université à Sartrouville;V1;354080;2,190134811;48,91792629;2,189234742;48,91834679
975900;Ligne de Nanterre-Université à Sartrouville;V1;354081;2,189234742;48,91834679;2,188677238;48,91861426
975900;Ligne de Nanterre-Université à Sartrouville;V1;354082;2,188677238;48,91861426;2,186969267;48,91938299
975900;Ligne de Nanterre-Université à Sartrouville;V1;354083;2,186969267;48,91938299;2,183575601;48,92108843
975900;Ligne de Nanterre-Université à Sartrouville;V1;354084;2,183575601;48,92108843;2,181314815;48,92227953
975900;Ligne de Nanterre-Université à Sartrouville;V1;354085;2,181314815;48,92227953;2,17914215;48,92339893
975900;Ligne de Nanterre-Université à Sartrouville;V1;354086;2,17914215;48,92339893;2,176759161;48,92477746
975900;Ligne de Nanterre-Université à Sartrouville;V1;354087;2,176759161;48,92477746;2,174990233;48,92592548
975900;Ligne de Nanterre-Université à Sartrouville;V1;354088;2,174990233;48,92592548;2,173653877;48,92684374
975900;Ligne de Nanterre-Université à Sartrouville;V1;354089;2,173653877;48,92684374;2,172294014;48,92775465
975900;Ligne de Nanterre-Université à Sartrouville;V1;354090;2,172294014;48,92775465;2,170226879;48,92909481
975900;Ligne de Nanterre-Université à Sartrouville;V1;354091;2,170226879;48,92909481;2,168660219;48,9301214
975900;Ligne de Nanterre-Université à Sartrouville;V1;354092;2,168660219;48,9301214;2,16744044;48,93098909
975900;Ligne de Nanterre-Université à Sartrouville;V1;354093;2,16744044;48,93098909;2,166958132;48,93131455
975900;Ligne de Nanterre-Université à Sartrouville;V1;354094;2,166958132;48,93131455;2,166042077;48,93192059
990000;Ligne de la grande ceinture de Paris;V1;354690;2,062530725;48,84093031;2,0578804;48,84374764
990000;Ligne de la grande ceinture de Paris;V1;354691;2,0578804;48,84374764;2,054993997;48,84696922
990000;Ligne de la grande ceinture de Paris;V1;354692;2,054993997;48,84696922;2,053628024;48,8485244
990000;Ligne de la grande ceinture de Paris;V1;354693;2,053628024;48,8485244;2,052258158;48,85007808
990000;Ligne de la grande ceinture de Paris;V1;354694;2,052258158;48,85007808;2,048573987;48,85419537
990000;Ligne de la grande ceinture de Paris;V1;354695;2,048573987;48,85419537;2,048553033;48,85925516
990000;Ligne de la grande ceinture de Paris;V1;354696;2,048553033;48,85925516;2,050073762;48,86094858
990000;Ligne de la grande ceinture de Paris;V1;354697;2,050073762;48,86094858;2,051098905;48,86458102
990000;Ligne de la grande ceinture de Paris;V1;354698;2,051098905;48,86458102;2,050818083;48,86559772
990000;Ligne de la grande ceinture de Paris;V1;354699;2,050818083;48,86559772;2,059324584;48,87116658
990000;Ligne de la grande ceinture de Paris;V1;354700;2,059324584;48,87116658;2,061418685;48,87086302
990000;Ligne de la grande ceinture de Paris;V1;354701;2,061418685;48,87086302;2,069139094;48,87251866
990000;Ligne de la grande ceinture de Paris;V1;354702;2,069139094;48,87251866;2,070033717;48,87324488
990000;Ligne de la grande ceinture de Paris;V1;354703;2,070033717;48,87324488;2,071520664;48,87437804
990000;Ligne de la grande ceinture de Paris;V1;354704;2,071520664;48,87437804;2,074907737;48,87680394
990000;Ligne de la grande ceinture de Paris;V1;354705;2,074907737;48,87680394;2,076375996;48,87794694
990000;Ligne de la grande ceinture de Paris;V1;354706;2,076375996;48,87794694;2,077649651;48,8790658
990000;Ligne de la grande ceinture de Paris;V1;354707;2,077649651;48,8790658;2,079192165;48,88113948
990000;Ligne de la grande ceinture de Paris;V1;354708;2,079192165;48,88113948;2,079430302;48,88271582
990000;Ligne de la grande ceinture de Paris;V1;354709;2,079430302;48,88271582;2,077209534;48,88599492
990000;Ligne de la grande ceinture de Paris;V1;354710;2,077209534;48,88599492;2,075143895;48,8874202
990000;Ligne de la grande ceinture de Paris;V1;354711;2,075143895;48,8874202;2,072873256;48,88934598
990000;Ligne de la grande ceinture de Paris;V1;354712;2,072873256;48,88934598;2,07108702;48,89125178
990000;Ligne de la grande ceinture de Paris;V1;354713;2,07108702;48,89125178;2,070401042;48,89571326
990000;Ligne de la grande ceinture de Paris;V1;354714;2,070401042;48,89571326;2,071972566;48,89841442
990000;Ligne de la grande ceinture de Paris;V1;354715;2,071972566;48,89841442;2,072236239;48,89881762
990000;Ligne de la grande ceinture de Paris;V1;354716;2,072236239;48,89881762;2,072936238;48,90158213
990000;Ligne de la grande ceinture de Paris;V1;354717;2,072936238;48,90158213;2,072983802;48,90469586
990000;Ligne de la grande ceinture de Paris;V1;354718;2,158608415;48,93695602;2,16023868;48,93592521
990000;Ligne de la grande ceinture de Paris;V1;354719;2,16023868;48,93592521;2,161183659;48,93531844
990000;Ligne de la grande ceinture de Paris;V1;354720;2,161183659;48,93531844;2,163443858;48,93385696
990000;Ligne de la grande ceinture de Paris;V1;354721;2,163443858;48,93385696;2,165673449;48,93295353
975000;Ligne de Paris-St-Lazare √† St-Germain-en-Laye;V1;354011;2,263678219;48,90932636;2,259934916;48,91308004
975000;Ligne de Paris-St-Lazare √† St-Germain-en-Laye;V1;354012;2,259934916;48,91308004;2,255173326;48,91361672
975000;Ligne de Paris-St-Lazare √† St-Germain-en-Laye;V1;354013;2,255173326;48,91361672;2,252762683;48,91331608
975000;Ligne de Paris-St-Lazare √† St-Germain-en-Laye;V1;354010;2,263960936;48,90822434;2,263678219;48,90932636
975000;Ligne de Paris-St-Lazare √† St-Germain-en-Laye;V1;354009;2,270628373;48,90596144;2,263960936;48,90822434
975000;Ligne de Paris-St-Lazare √† St-Germain-en-Laye;V1;354018;2,243135039;48,910636;2,239037166;48,90933019
975000;Ligne de Paris-St-Lazare √† St-Germain-en-Laye;V1;354017;2,244519394;48,91108518;2,243135039;48,910636
975000;Ligne de Paris-St-Lazare √† St-Germain-en-Laye;V1;354016;2,246951647;48,91188149;2,244519394;48,91108518
975000;Ligne de Paris-St-Lazare √† St-Germain-en-Laye;V1;354015;2,252256338;48,91322793;2,246951647;48,91188149
975000;Ligne de Paris-St-Lazare √† St-Germain-en-Laye;V1;354014;2,252762683;48,91331608;2,252256338;48,91322793