Depart,Arrivée,Path,Order_Path,Order_Point,CODE_LIGNE,LIBELLE_LIGNE,NOM_VOIE,IDRESEAU,Longitude,Latitude
87382499,87382655,"00",11,0,326000,Ligne de la bifurcation de Neuville à Cergy-Préfecture,V1,308586,2,021280024,49,05091897
87382499,87382655,"00",11,1,326000,Ligne de la bifurcation de Neuville à Cergy-Préfecture,V1,308587,2,01787476,49,05096261
87382499,87382655,"00",11,2,326000,Ligne de la bifurcation de Neuville à Cergy-Préfecture,V1,308588,2,012704126,49,0489639
87381905,87382499,"00",10,0,326000,Ligne de la bifurcation de Neuville à Cergy-Préfecture,V1,308576,2,078348625,49,03725481
87381905,87382499,"00",10,1,326000,Ligne de la bifurcation de Neuville à Cergy-Préfecture,V1,308577,2,076283567,49,03877019
87381905,87382499,"00",10,2,326000,Ligne de la bifurcation de Neuville à Cergy-Préfecture,V1,308578,2,074641167,49,03996251
87381905,87382499,"00",10,3,326000,Ligne de la bifurcation de Neuville à Cergy-Préfecture,V1,308579,2,074007132,49,04042897
87381905,87382499,"00",10,4,326000,Ligne de la bifurcation de Neuville à Cergy-Préfecture,V1,308580,2,071548766,49,04266494
87381905,87382499,"00",10,5,326000,Ligne de la bifurcation de Neuville à Cergy-Préfecture,V1,308581,2,070678011,49,04364498
87381905,87382499,"00",10,6,326000,Ligne de la bifurcation de Neuville à Cergy-Préfecture,V1,308582,2,065376713,49,04655133
87381905,87382499,"00",10,7,326000,Ligne de la bifurcation de Neuville à Cergy-Préfecture,V1,308583,2,064993034,49,04664226
87381905,87382499,"00",10,8,326000,Ligne de la bifurcation de Neuville à Cergy-Préfecture,V1,308584,2,061473401,49,04702748
87381905,87382499,"00",10,9,326000,Ligne de la bifurcation de Neuville à Cergy-Préfecture,V1,308585,2,058781938,49,04719356
87334482,87381905,"00",9,0,326000,Ligne de la bifurcation de Neuville à Cergy-Préfecture,V1,308568,2,08077612,49,01792895
87334482,87381905,"00",9,1,326000,Ligne de la bifurcation de Neuville à Cergy-Préfecture,V1,308569,2,084079549,49,0198607
87334482,87381905,"00",9,2,326000,Ligne de la bifurcation de Neuville à Cergy-Préfecture,V1,308570,2,086283214,49,02108556
87334482,87381905,"00",9,3,326000,Ligne de la bifurcation de Neuville à Cergy-Préfecture,V1,308571,2,089724956,49,02403322
87334482,87381905,"00",9,4,326000,Ligne de la bifurcation de Neuville à Cergy-Préfecture,V1,308572,2,089824925,49,02420164
87334482,87381905,"00",9,5,326000,Ligne de la bifurcation de Neuville à Cergy-Préfecture,V1,308573,2,087977285,49,03164082
87334482,87381905,"00",9,6,326000,Ligne de la bifurcation de Neuville à Cergy-Préfecture,V1,308574,2,083127444,49,0341838
87334482,87381905,"00",9,7,326000,Ligne de la bifurcation de Neuville à Cergy-Préfecture,V1,308575,2,079905862,49,0361471
87381459,87334482,"00",8,0,338000,Ligne d'Achères à Pontoise,V1,313709,2,074323719,48,98932296
87381459,87334482,"00",8,1,338000,Ligne d'Achères à Pontoise,V1,313710,2,073596389,48,99174072
87381459,87334482,"00",8,2,338000,Ligne d'Achères à Pontoise,V1,313711,2,07330726,48,99385174
87381459,87334482,"00",8,3,338000,Ligne d'Achères à Pontoise,V1,313712,2,073354188,48,99593383
87381459,87334482,"00",8,4,338000,Ligne d'Achères à Pontoise,V1,313713,2,073423334,48,99801637
87381459,87334482,"00",8,5,338000,Ligne d'Achères à Pontoise,V1,313714,2,073189566,48,99996949
87381459,87334482,"00",8,6,338000,Ligne d'Achères à Pontoise,V1,313715,2,073261829,49,001771
87381459,87334482,"00",8,7,326000,Ligne de la bifurcation de Neuville à Cergy-Préfecture,V1,308563,2,073467648,49,00283403
87381459,87334482,"00",8,8,326000,Ligne de la bifurcation de Neuville à Cergy-Préfecture,V1,308564,2,073636033,49,00397586
87381459,87334482,"00",8,9,326000,Ligne de la bifurcation de Neuville à Cergy-Préfecture,V1,308565,2,076254898,49,00942767
87381459,87334482,"00",8,10,326000,Ligne de la bifurcation de Neuville à Cergy-Préfecture,V1,308566,2,076694699,49,00989208
87381459,87334482,"00",8,11,326000,Ligne de la bifurcation de Neuville à Cergy-Préfecture,V1,308567,2,078332177,49,01344188
87381657,87381459,"00",7,0,338000,Ligne d'Achères à Pontoise,V1,313706,2,077986891,48,97802289
87381657,87381459,"00",7,1,338000,Ligne d'Achères à Pontoise,V1,313707,2,07737496,48,98290618
87381657,87381459,"00",7,2,338000,Ligne d'Achères à Pontoise,V1,313708,2,076555023,48,98478692
87386425,87381657,"00",6,0,340000,Ligne de Paris-St-Lazare au Havre,V1,313849,2,143509496,48,94637753
87386425,87381657,"00",6,1,340000,Ligne de Paris-St-Lazare au Havre,V1,313850,2,142255517,48,94723516
87386425,87381657,"00",6,2,340000,Ligne de Paris-St-Lazare au Havre,V1,313851,2,14216045,48,94730009
87386425,87381657,"00",6,3,340000,Ligne de Paris-St-Lazare au Havre,V1,313852,2,140058956,48,94868901
87386425,87381657,"00",6,4,340000,Ligne de Paris-St-Lazare au Havre,V1,313853,2,137237825,48,95051464
87386425,87381657,"00",6,5,340000,Ligne de Paris-St-Lazare au Havre,V1,313854,2,135879336,48,95137948
87386425,87381657,"00",6,6,340000,Ligne de Paris-St-Lazare au Havre,V1,313855,2,134717587,48,95212034
87386425,87381657,"00",6,7,338000,Ligne d'Achères à Pontoise,V1,313684,2,131956674,48,95399353
87386425,87381657,"00",6,8,338000,Ligne d'Achères à Pontoise,V1,313685,2,129789661,48,95526338
87386425,87381657,"00",6,9,338000,Ligne d'Achères à Pontoise,V1,313686,2,127206376,48,95646171
87386425,87381657,"00",6,10,338000,Ligne d'Achères à Pontoise,V1,313687,2,125412582,48,95737601
87386425,87381657,"00",6,11,338000,Ligne d'Achères à Pontoise,V1,313688,2,123606845,48,95824971
87386425,87381657,"00",6,12,338000,Ligne d'Achères à Pontoise,V1,313689,2,121218737,48,95897439
87386425,87381657,"00",6,13,338000,Ligne d'Achères à Pontoise,V1,313690,2,118567467,48,95952875
87386425,87381657,"00",6,14,338000,Ligne d'Achères à Pontoise,V1,313691,2,11778431,48,9596807
87386425,87381657,"00",6,15,338000,Ligne d'Achères à Pontoise,V1,313692,2,111640449,48,96040189
87386425,87381657,"00",6,16,338000,Ligne d'Achères à Pontoise,V1,313693,2,107704404,48,960291
87386425,87381657,"00",6,17,338000,Ligne d'Achères à Pontoise,V1,313694,2,103738249,48,95979668
87386425,87381657,"00",6,18,338000,Ligne d'Achères à Pontoise,V1,313695,2,103257781,48,95969878
87386425,87381657,"00",6,19,338000,Ligne d'Achères à Pontoise,V1,313696,2,099800023,48,95881667
87386425,87381657,"00",6,20,338000,Ligne d'Achères à Pontoise,V1,313697,2,097372012,48,95803336
87386425,87381657,"00",6,21,338000,Ligne d'Achères à Pontoise,V1,313698,2,094498162,48,95687216
87386425,87381657,"00",6,22,338000,Ligne d'Achères à Pontoise,V1,313699,2,094389003,48,95681586
87386425,87381657,"00",6,23,338000,Ligne d'Achères à Pontoise,V1,313700,2,091928566,48,95585549
87386425,87381657,"00",6,24,338000,Ligne d'Achères à Pontoise,V1,313701,2,084079412,48,95646042
87386425,87381657,"00",6,25,338000,Ligne d'Achères à Pontoise,V1,313702,2,081741345,48,9586004
87386425,87381657,"00",6,26,338000,Ligne d'Achères à Pontoise,V1,313703,2,080851479,48,96000219
87386425,87381657,"00",6,27,338000,Ligne d'Achères à Pontoise,V1,313704,2,079311993,48,96265564
87386425,87381657,"00",6,28,338000,Ligne d'Achères à Pontoise,V1,313705,2,077658571,48,96933115
87386417,87386425,"00",5,0,340000,Ligne de Paris-St-Lazare au Havre,V1,313842,2,155578685,48,9384609
87386417,87386425,"00",5,1,340000,Ligne de Paris-St-Lazare au Havre,V1,313843,2,152749857,48,9402081
87386417,87386425,"00",5,2,340000,Ligne de Paris-St-Lazare au Havre,V1,313844,2,150754639,48,94150801
87386417,87386425,"00",5,3,340000,Ligne de Paris-St-Lazare au Havre,V1,313845,2,149888319,48,94207365
87386417,87386425,"00",5,4,340000,Ligne de Paris-St-Lazare au Havre,V1,313846,2,148979299,48,94273616
87386417,87386425,"00",5,5,340000,Ligne de Paris-St-Lazare au Havre,V1,313847,2,146728565,48,94428969
87386417,87386425,"00",5,6,340000,Ligne de Paris-St-Lazare au Havre,V1,313848,2,146630415,48,94435231
87386409,87386417,"00",4,0,975900,Ligne de Nanterre-Université à Sartrouville,V1,354084,2,183575601,48,92108843
87386409,87386417,"00",4,1,975900,Ligne de Nanterre-Université à Sartrouville,V1,354085,2,181314815,48,92227953
87386409,87386417,"00",4,2,975900,Ligne de Nanterre-Université à Sartrouville,V1,354086,2,17914215,48,92339893
87386409,87386417,"00",4,3,975900,Ligne de Nanterre-Université à Sartrouville,V1,354087,2,176759161,48,92477746
87386409,87386417,"00",4,4,975900,Ligne de Nanterre-Université à Sartrouville,V1,354088,2,174990233,48,92592548
87386409,87386417,"00",4,5,975900,Ligne de Nanterre-Université à Sartrouville,V1,354089,2,173653877,48,92684374
87386409,87386417,"00",4,6,975900,Ligne de Nanterre-Université à Sartrouville,V1,354090,2,172294014,48,92775465
87386409,87386417,"00",4,7,975900,Ligne de Nanterre-Université à Sartrouville,V1,354091,2,170226879,48,92909481
87386409,87386417,"00",4,8,975900,Ligne de Nanterre-Université à Sartrouville,V1,354092,2,168660219,48,9301214
87386409,87386417,"00",4,9,975900,Ligne de Nanterre-Université à Sartrouville,V1,354093,2,16744044,48,93098909
87386409,87386417,"00",4,10,975900,Ligne de Nanterre-Université à Sartrouville,V1,354094,2,166958132,48,93131455
87386409,87386417,"00",4,11,340000,Ligne de Paris-St-Lazare au Havre,V1,313836,2,163999344,48,93318446
87386409,87386417,"00",4,12,340000,Ligne de Paris-St-Lazare au Havre,V1,313837,2,162621708,48,93407778
87386409,87386417,"00",4,13,340000,Ligne de Paris-St-Lazare au Havre,V1,313838,2,161533864,48,93476899
87386409,87386417,"00",4,14,340000,Ligne de Paris-St-Lazare au Havre,V1,313839,2,160455477,48,93545356
87386409,87386417,"00",4,15,340000,Ligne de Paris-St-Lazare au Havre,V1,313840,2,159747753,48,93590884
87386409,87386417,"00",4,16,340000,Ligne de Paris-St-Lazare au Havre,V1,313841,2,157400136,48,93737066
87386318,87386409,"00",3,0,975000,Ligne de Paris-St-Lazare à St-Germain-en-Laye,V1,354026,2,215125162,48,90159818
87386318,87386409,"00",3,1,975000,Ligne de Paris-St-Lazare à St-Germain-en-Laye,V1,354027,2,206143664,48,90160388
87386318,87386409,"00",3,2,975900,Ligne de Nanterre-Université à Sartrouville,V1,354073,2,205584327,48,90179331
87386318,87386409,"00",3,3,975900,Ligne de Nanterre-Université à Sartrouville,V1,354074,2,202007843,48,90295215
87386318,87386409,"00",3,4,975900,Ligne de Nanterre-Université à Sartrouville,V1,354075,2,197457417,48,90527353
87386318,87386409,"00",3,5,975900,Ligne de Nanterre-Université à Sartrouville,V1,354076,2,196008209,48,90777827
87386318,87386409,"00",3,6,975900,Ligne de Nanterre-Université à Sartrouville,V1,354077,2,195577117,48,91001834
87386318,87386409,"00",3,7,975900,Ligne de Nanterre-Université à Sartrouville,V1,354078,2,193052634,48,91655289
87386318,87386409,"00",3,8,975900,Ligne de Nanterre-Université à Sartrouville,V1,354079,2,192385588,48,91687553
87386318,87386409,"00",3,9,975900,Ligne de Nanterre-Université à Sartrouville,V1,354080,2,190134811,48,91792629
87386318,87386409,"00",3,10,975900,Ligne de Nanterre-Université à Sartrouville,V1,354081,2,189234742,48,91834679
87386318,87386409,"00",3,11,975900,Ligne de Nanterre-Université à Sartrouville,V1,354082,2,188677238,48,91861426
87386318,87386409,"00",3,12,975900,Ligne de Nanterre-Université à Sartrouville,V1,354083,2,186969267,48,91938299
87386003,87386318,"00",2,0,975000,Ligne de Paris-St-Lazare à St-Germain-en-Laye,V1,354019,2,239037166,48,90933019
87386003,87386318,"00",2,1,975000,Ligne de Paris-St-Lazare à St-Germain-en-Laye,V1,354020,2,238348169,48,90910135
87386003,87386318,"00",2,2,975000,Ligne de Paris-St-Lazare à St-Germain-en-Laye,V1,354021,2,235433183,48,90806095
87386003,87386318,"00",2,3,975000,Ligne de Paris-St-Lazare à St-Germain-en-Laye,V1,354022,2,23057251,48,90648796
87386003,87386318,"00",2,4,975000,Ligne de Paris-St-Lazare à St-Germain-en-Laye,V1,354023,2,227421573,48,9055564
87386003,87386318,"00",2,5,975000,Ligne de Paris-St-Lazare à St-Germain-en-Laye,V1,354024,2,219205547,48,90287513
87386003,87386318,"00",2,6,975000,Ligne de Paris-St-Lazare à St-Germain-en-Laye,V1,354025,2,21690073,48,90215062
87386300,87386003,"00",1,0,340000,Ligne de Paris-St-Lazare au Havre,V1,313813,2,255196753,48,91379375
87386300,87386003,"00",1,1,340000,Ligne de Paris-St-Lazare au Havre,V1,313814,2,250965086,48,91307993
87386300,87386003,"00",1,2,340000,Ligne de Paris-St-Lazare au Havre,V1,313815,2,249672609,48,91275298
87386300,87386003,"00",1,3,340000,Ligne de Paris-St-Lazare au Havre,V1,313816,2,246555877,48,91181616
87381137,87386300,"00",0,0,340000,Ligne de Paris-St-Lazare au Havre,V1,313804,2,282689869,48,90640932
87381137,87386300,"00",0,1,340000,Ligne de Paris-St-Lazare au Havre,V1,313805,2,281669135,48,90702235
87381137,87386300,"00",0,2,340000,Ligne de Paris-St-Lazare au Havre,V1,313806,2,280238437,48,9078633
87381137,87386300,"00",0,3,340000,Ligne de Paris-St-Lazare au Havre,V1,313807,2,279333469,48,90846257
87381137,87386300,"00",0,4,340000,Ligne de Paris-St-Lazare au Havre,V1,313808,2,278873629,48,90876035
87381137,87386300,"00",0,5,340000,Ligne de Paris-St-Lazare au Havre,V1,313809,2,278335208,48,90908945
87381137,87386300,"00",0,6,340000,Ligne de Paris-St-Lazare au Havre,V1,313810,2,276639574,48,90995307
87381137,87386300,"00",0,7,340000,Ligne de Paris-St-Lazare au Havre,V1,313811,2,273956696,48,91117158
87381137,87386300,"00",0,8,340000,Ligne de Paris-St-Lazare au Havre,V1,313812,2,271154781,48,91229554
87381129,87381137,"0",2,0,973000,Ligne de Paris-St-Lazare à Versailles-Rive-Droite,V1,353773,2,296553028,48,89784597
87381129,87381137,"0",2,1,973000,Ligne de Paris-St-Lazare à Versailles-Rive-Droite,V1,353774,2,295247092,48,8987023
87381129,87381137,"0",2,2,973000,Ligne de Paris-St-Lazare à Versailles-Rive-Droite,V1,353775,2,29495038,48,89887699
87381129,87381137,"0",2,3,973000,Ligne de Paris-St-Lazare à Versailles-Rive-Droite,V1,353776,2,293483776,48,89976263
87381129,87381137,"0",2,4,973000,Ligne de Paris-St-Lazare à Versailles-Rive-Droite,V1,353777,2,292209264,48,90054076
87381129,87381137,"0",2,5,973000,Ligne de Paris-St-Lazare à Versailles-Rive-Droite,V1,353778,2,290126581,48,90175948
87381129,87381137,"0",2,6,973000,Ligne de Paris-St-Lazare à Versailles-Rive-Droite,V1,353779,2,289229506,48,90227842
87381129,87381137,"0",2,7,973000,Ligne de Paris-St-Lazare à Versailles-Rive-Droite,V1,353780,2,288205079,48,90284784
87381129,87381137,"0",2,8,973000,Ligne de Paris-St-Lazare à Versailles-Rive-Droite,V1,353781,2,285010917,48,90471136
87381111,87381129,"0",1,0,973000,Ligne de Paris-St-Lazare à Versailles-Rive-Droite,V1,353764,2,311417949,48,88890051
87381111,87381129,"0",1,1,973000,Ligne de Paris-St-Lazare à Versailles-Rive-Droite,V1,353765,2,309490265,48,89000675
87381111,87381129,"0",1,2,973000,Ligne de Paris-St-Lazare à Versailles-Rive-Droite,V1,353766,2,307508383,48,89134001
87381111,87381129,"0",1,3,973000,Ligne de Paris-St-Lazare à Versailles-Rive-Droite,V1,353767,2,305565102,48,89263913
87381111,87381129,"0",1,4,973000,Ligne de Paris-St-Lazare à Versailles-Rive-Droite,V1,353768,2,304245007,48,89348709
87381111,87381129,"0",1,5,973000,Ligne de Paris-St-Lazare à Versailles-Rive-Droite,V1,353769,2,302466318,48,89457588
87381111,87381129,"0",1,6,973000,Ligne de Paris-St-Lazare à Versailles-Rive-Droite,V1,353770,2,301295901,48,89525926
87381111,87381129,"0",1,7,973000,Ligne de Paris-St-Lazare à Versailles-Rive-Droite,V1,353771,2,299979732,48,89603684
87381111,87381129,"0",1,8,973000,Ligne de Paris-St-Lazare à Versailles-Rive-Droite,V1,353772,2,298299058,48,89691473
87384008,87381111,"0",0,0,973000,Ligne de Paris-St-Lazare à Versailles-Rive-Droite,V1,353758,2,323897457,48,87651189
87384008,87381111,"0",0,1,973000,Ligne de Paris-St-Lazare à Versailles-Rive-Droite,V1,353759,2,323236338,48,87760224
87384008,87381111,"0",0,2,973000,Ligne de Paris-St-Lazare à Versailles-Rive-Droite,V1,353760,2,318885941,48,88376497
87384008,87381111,"0",0,3,973000,Ligne de Paris-St-Lazare à Versailles-Rive-Droite,V1,353761,2,316350152,48,88619459
87384008,87381111,"0",0,4,973000,Ligne de Paris-St-Lazare à Versailles-Rive-Droite,V1,353762,2,314350579,48,88743971
87384008,87381111,"0",0,5,973000,Ligne de Paris-St-Lazare à Versailles-Rive-Droite,V1,353763,2,314112856,48,88754174
87381137,87382002,"01",0,0,973000,Ligne de Paris-St-Lazare à Versailles-Rive-Droite,V1,353782,2,28294787,48,90567577
87381137,87382002,"01",0,1,973000,Ligne de Paris-St-Lazare à Versailles-Rive-Droite,V1,353783,2,282235543,48,90593698
87381137,87382002,"01",0,2,973000,Ligne de Paris-St-Lazare à Versailles-Rive-Droite,V1,353784,2,279736075,48,90657735
87381137,87382002,"01",0,3,973000,Ligne de Paris-St-Lazare à Versailles-Rive-Droite,V1,353785,2,278785934,48,90669516
87381137,87382002,"01",0,4,973000,Ligne de Paris-St-Lazare à Versailles-Rive-Droite,V1,353786,2,277479538,48,90677649
87381137,87382002,"01",0,5,973000,Ligne de Paris-St-Lazare à Versailles-Rive-Droite,V1,353787,2,273581241,48,90651017
87381137,87382002,"01",0,6,973000,Ligne de Paris-St-Lazare à Versailles-Rive-Droite,V1,353788,2,272792847,48,90636736
87381137,87382002,"01",0,7,973000,Ligne de Paris-St-Lazare à Versailles-Rive-Droite,V1,353789,2,270371252,48,90573646
87381137,87382002,"01",0,8,973000,Ligne de Paris-St-Lazare à Versailles-Rive-Droite,V1,353790,2,26953105,48,90548194
87382002,87382200,"01",1,0,973000,Ligne de Paris-St-Lazare à Versailles-Rive-Droite,V1,353791,2,266262805,48,90442462
87382002,87382200,"01",1,1,973000,Ligne de Paris-St-Lazare à Versailles-Rive-Droite,V1,353792,2,252650987,48,89991762
87382002,87382200,"01",1,2,973000,Ligne de Paris-St-Lazare à Versailles-Rive-Droite,V1,353793,2,248879993,48,89848483
87382200,87382218,"01",2,0,973000,Ligne de Paris-St-Lazare à Versailles-Rive-Droite,V1,353794,2,2433431,48,89614782
87382200,87382218,"01",2,1,973000,Ligne de Paris-St-Lazare à Versailles-Rive-Droite,V1,353795,2,239378404,48,89418702
87382218,87382382,"01",3,0,973000,Ligne de Paris-St-Lazare à Versailles-Rive-Droite,V1,353796,2,237629517,48,89267028
87382218,87382382,"01",3,1,973000,Ligne de Paris-St-Lazare à Versailles-Rive-Droite,V1,353797,2,236281176,48,89056993
87382218,87382382,"01",3,2,973000,Ligne de Paris-St-Lazare à Versailles-Rive-Droite,V1,353798,2,235513109,48,88808039
87382382,87382374,"01",4,0,973000,Ligne de Paris-St-Lazare à Versailles-Rive-Droite,V1,353799,2,232325485,48,88206488
87382382,87382374,"01",4,1,973000,Ligne de Paris-St-Lazare à Versailles-Rive-Droite,V1,353800,2,228435688,48,87867188
87382382,87382374,"01",4,2,973000,Ligne de Paris-St-Lazare à Versailles-Rive-Droite,V1,353801,2,227056278,48,87744075
87382382,87382374,"01",4,3,973000,Ligne de Paris-St-Lazare à Versailles-Rive-Droite,V1,353802,2,225354729,48,87590795
87382382,87382374,"01",4,4,973000,Ligne de Paris-St-Lazare à Versailles-Rive-Droite,V1,353803,2,223541238,48,87431714
87382382,87382374,"01",4,5,973000,Ligne de Paris-St-Lazare à Versailles-Rive-Droite,V1,353804,2,221296402,48,87187099
87382374,87382366,"01",5,0,973000,Ligne de Paris-St-Lazare à Versailles-Rive-Droite,V1,353805,2,2202453,48,8697773
87382374,87382366,"01",5,1,973000,Ligne de Paris-St-Lazare à Versailles-Rive-Droite,V1,353806,2,219818248,48,86871092
87382374,87382366,"01",5,2,973000,Ligne de Paris-St-Lazare à Versailles-Rive-Droite,V1,353807,2,219346967,48,86754678
87382374,87382366,"01",5,3,973000,Ligne de Paris-St-Lazare à Versailles-Rive-Droite,V1,353808,2,217394659,48,86235831
87382374,87382366,"01",5,4,973000,Ligne de Paris-St-Lazare à Versailles-Rive-Droite,V1,353809,2,21659957,48,85974411
87382374,87382366,"01",5,5,973000,Ligne de Paris-St-Lazare à Versailles-Rive-Droite,V1,353810,2,216488189,48,85869758
87382374,87382366,"01",5,6,973000,Ligne de Paris-St-Lazare à Versailles-Rive-Droite,V1,353811,2,21648545,48,85799021
87382374,87382366,"01",5,7,973000,Ligne de Paris-St-Lazare à Versailles-Rive-Droite,V1,353812,2,216545882,48,85708712
87382366,87382358,"01",6,0,973000,Ligne de Paris-St-Lazare à Versailles-Rive-Droite,V1,353813,2,217218403,48,85139894
87382366,87382358,"01",6,1,973000,Ligne de Paris-St-Lazare à Versailles-Rive-Droite,V1,353814,2,217569513,48,84978924
87382366,87382358,"01",6,2,973000,Ligne de Paris-St-Lazare à Versailles-Rive-Droite,V1,353815,2,21791949,48,84843279
87382366,87382358,"01",6,3,973000,Ligne de Paris-St-Lazare à Versailles-Rive-Droite,V1,353816,2,217931876,48,84707178
87382366,87382358,"01",6,4,973000,Ligne de Paris-St-Lazare à Versailles-Rive-Droite,V1,353817,2,216874949,48,84451631
87382358,87382259,"010",0,0,974000,Ligne de St-Cloud à St-Nom-la-Bretèche-Forêt-de-Marly,V1,353901,2,210653031,48,84068209
87382358,87382259,"010",0,1,974000,Ligne de St-Cloud à St-Nom-la-Bretèche-Forêt-de-Marly,V1,353902,2,206840165,48,83854524
87382358,87382259,"010",0,2,974000,Ligne de St-Cloud à St-Nom-la-Bretèche-Forêt-de-Marly,V1,353903,2,196207634,48,83925428
87382358,87382259,"010",0,3,974000,Ligne de St-Cloud à St-Nom-la-Bretèche-Forêt-de-Marly,V1,353904,2,191866028,48,83967642
87382358,87382259,"010",0,4,974000,Ligne de St-Cloud à St-Nom-la-Bretèche-Forêt-de-Marly,V1,353905,2,187504627,48,83834139
87382259,87382267,"010",1,0,974000,Ligne de St-Cloud à St-Nom-la-Bretèche-Forêt-de-Marly,V1,353906,2,186943799,48,83803973
87382259,87382267,"010",1,1,974000,Ligne de St-Cloud à St-Nom-la-Bretèche-Forêt-de-Marly,V1,353907,2,181256683,48,83625743
87382259,87382267,"010",1,2,974000,Ligne de St-Cloud à St-Nom-la-Bretèche-Forêt-de-Marly,V1,353908,2,179628256,48,83606771
87382259,87382267,"010",1,3,974000,Ligne de St-Cloud à St-Nom-la-Bretèche-Forêt-de-Marly,V1,353909,2,176975263,48,83574482
87382259,87382267,"010",1,4,974000,Ligne de St-Cloud à St-Nom-la-Bretèche-Forêt-de-Marly,V1,353910,2,162755361,48,83403478
87382259,87382267,"010",1,5,974000,Ligne de St-Cloud à St-Nom-la-Bretèche-Forêt-de-Marly,V1,353911,2,155427151,48,83523835
87382259,87382267,"010",1,6,974000,Ligne de St-Cloud à St-Nom-la-Bretèche-Forêt-de-Marly,V1,353912,2,155021989,48,8354794
87382259,87382267,"010",1,7,974000,Ligne de St-Cloud à St-Nom-la-Bretèche-Forêt-de-Marly,V1,353913,2,153517929,48,8362514
87382259,87382267,"010",1,8,974000,Ligne de St-Cloud à St-Nom-la-Bretèche-Forêt-de-Marly,V1,353914,2,152971304,48,83648904
87382267,87382432,"010",2,0,974000,Ligne de St-Cloud à St-Nom-la-Bretèche-Forêt-de-Marly,V1,353915,2,148281714,48,83808832
87382267,87382432,"010",2,1,974000,Ligne de St-Cloud à St-Nom-la-Bretèche-Forêt-de-Marly,V1,353916,2,145135596,48,83870622
87382267,87382432,"010",2,2,974000,Ligne de St-Cloud à St-Nom-la-Bretèche-Forêt-de-Marly,V1,353917,2,141172067,48,84050484
87382432,87382440,"010",3,0,974000,Ligne de St-Cloud à St-Nom-la-Bretèche-Forêt-de-Marly,V1,353918,2,13391989,48,84570314
87382432,87382440,"010",3,1,974000,Ligne de St-Cloud à St-Nom-la-Bretèche-Forêt-de-Marly,V1,353919,2,131232145,48,8485204
87382432,87382440,"010",3,2,974000,Ligne de St-Cloud à St-Nom-la-Bretèche-Forêt-de-Marly,V1,353920,2,131256108,48,85047931
87382432,87382440,"010",3,3,974000,Ligne de St-Cloud à St-Nom-la-Bretèche-Forêt-de-Marly,V1,353921,2,13194324,48,85360516
87382432,87382457,"010",4,0,974000,Ligne de St-Cloud à St-Nom-la-Bretèche-Forêt-de-Marly,V1,353922,2,131975235,48,85618491
87382432,87382457,"010",4,1,974000,Ligne de St-Cloud à St-Nom-la-Bretèche-Forêt-de-Marly,V1,353923,2,13170262,48,85729207
87382432,87382457,"010",4,2,974000,Ligne de St-Cloud à St-Nom-la-Bretèche-Forêt-de-Marly,V1,353924,2,128270838,48,86077841
87382432,87382457,"010",4,3,974000,Ligne de St-Cloud à St-Nom-la-Bretèche-Forêt-de-Marly,V1,353925,2,125495613,48,86108821
87382457,87382465,"010",5,0,974000,Ligne de St-Cloud à St-Nom-la-Bretèche-Forêt-de-Marly,V1,353926,2,119035058,48,86261901
87382457,87382465,"010",5,1,974000,Ligne de St-Cloud à St-Nom-la-Bretèche-Forêt-de-Marly,V1,353927,2,116624431,48,86369688
87382457,87382465,"010",5,2,974000,Ligne de St-Cloud à St-Nom-la-Bretèche-Forêt-de-Marly,V1,353928,2,113585942,48,86524895
87382457,87382465,"010",5,3,974000,Ligne de St-Cloud à St-Nom-la-Bretèche-Forêt-de-Marly,V1,353929,2,112441681,48,86734023
87382457,87382465,"010",5,4,974000,Ligne de St-Cloud à St-Nom-la-Bretèche-Forêt-de-Marly,V1,353930,2,106084971,48,87108085
87382457,87382465,"010",5,5,974000,Ligne de St-Cloud à St-Nom-la-Bretèche-Forêt-de-Marly,V1,353931,2,100762137,48,87108869
87382457,87382465,"010",5,6,974000,Ligne de St-Cloud à St-Nom-la-Bretèche-Forêt-de-Marly,V1,353932,2,09899473,48,87116647
87382465,87382473,"010",6,0,974000,Ligne de St-Cloud à St-Nom-la-Bretèche-Forêt-de-Marly,V1,353933,2,089206233,48,87239346
87382465,87382473,"010",6,1,974000,Ligne de St-Cloud à St-Nom-la-Bretèche-Forêt-de-Marly,V1,353934,2,08235604,48,87129185
87382465,87382473,"010",6,2,974000,Ligne de St-Cloud à St-Nom-la-Bretèche-Forêt-de-Marly,V1,353935,2,077720676,48,86862507
87382473,87382481,"010",7,0,974000,Ligne de St-Cloud à St-Nom-la-Bretèche-Forêt-de-Marly,V1,353936,2,074933522,48,86611781
87382473,87382481,"010",7,1,974000,Ligne de St-Cloud à St-Nom-la-Bretèche-Forêt-de-Marly,V1,353937,2,070030753,48,86324546
87382473,87382481,"010",7,2,974000,Ligne de St-Cloud à St-Nom-la-Bretèche-Forêt-de-Marly,V1,353938,2,068563627,48,86302929
87382473,87382481,"010",7,3,974000,Ligne de St-Cloud à St-Nom-la-Bretèche-Forêt-de-Marly,V1,353939,2,061143012,48,8643865
87382473,87382481,"010",7,4,974000,Ligne de St-Cloud à St-Nom-la-Bretèche-Forêt-de-Marly,V1,353940,2,055422973,48,86578223
87382481,87382812,"0100",0,0,990000,Ligne de la grande ceinture de Paris,V1,354700,2,059324584,48,87116658
87382481,87382812,"0100",0,1,990000,Ligne de la grande ceinture de Paris,V1,354701,2,061418685,48,87086302
87382481,87382812,"0100",0,2,990000,Ligne de la grande ceinture de Paris,V1,354702,2,069139094,48,87251866
87382481,87382812,"0100",0,3,990000,Ligne de la grande ceinture de Paris,V1,354703,2,070033717,48,87324488
87382481,87382812,"0100",0,4,990000,Ligne de la grande ceinture de Paris,V1,354704,2,071520664,48,87437804
87382481,87382812,"0100",0,5,990000,Ligne de la grande ceinture de Paris,V1,354705,2,074907737,48,87680394
87382481,87382812,"0100",0,6,990000,Ligne de la grande ceinture de Paris,V1,354706,2,076375996,48,87794694
87382481,87382812,"0100",0,7,990000,Ligne de la grande ceinture de Paris,V1,354707,2,077649651,48,8790658
87382481,87382812,"0100",0,8,990000,Ligne de la grande ceinture de Paris,V1,354708,2,079192165,48,88113948
87382812,87366922,"0100",1,0,990000,Ligne de la grande ceinture de Paris,V1,354709,2,079430302,48,88271582
87382812,87366922,"0100",1,1,990000,Ligne de la grande ceinture de Paris,V1,354710,2,077209534,48,88599492
87382812,87366922,"0100",1,2,990000,Ligne de la grande ceinture de Paris,V1,354711,2,075143895,48,8874202
87382812,87366922,"0100",1,3,990000,Ligne de la grande ceinture de Paris,V1,354712,2,072873256,48,88934598
87382812,87366922,"0100",1,4,990000,Ligne de la grande ceinture de Paris,V1,354713,2,07108702,48,89125178
87366922,87382804,"0100",2,0,990000,Ligne de la grande ceinture de Paris,V1,354714,2,070401042,48,89571326
87366922,87382804,"0100",2,1,990000,Ligne de la grande ceinture de Paris,V1,354715,2,071972566,48,89841442
87366922,87382804,"0100",2,2,990000,Ligne de la grande ceinture de Paris,V1,354716,2,072236239,48,89881762
87366922,87382804,"0100",2,3,990000,Ligne de la grande ceinture de Paris,V1,354717,2,072936238,48,90158213
87382481,87393876,"0101",0,8,990000,Ligne de la grande ceinture de Paris,V1,354691,2,0578804,48,84374764
87382481,87393876,"0101",0,7,990000,Ligne de la grande ceinture de Paris,V1,354692,2,054993997,48,84696922
87382481,87393876,"0101",0,6,990000,Ligne de la grande ceinture de Paris,V1,354693,2,053628024,48,8485244
87382481,87393876,"0101",0,5,990000,Ligne de la grande ceinture de Paris,V1,354694,2,052258158,48,85007808
87382481,87393876,"0101",0,4,990000,Ligne de la grande ceinture de Paris,V1,354695,2,048573987,48,85419537
87382481,87393876,"0101",0,3,990000,Ligne de la grande ceinture de Paris,V1,354696,2,048553033,48,85925516
87382481,87393876,"0101",0,2,990000,Ligne de la grande ceinture de Paris,V1,354697,2,050073762,48,86094858
87382481,87393876,"0101",0,1,990000,Ligne de la grande ceinture de Paris,V1,354698,2,051098905,48,86458102
87382481,87393876,"0101",0,0,990000,Ligne de la grande ceinture de Paris,V1,354699,2,050818083,48,86559772
87382358,87382341,"011",0,0,973000,Ligne de Paris-St-Lazare à Versailles-Rive-Droite,V1,353818,2,211042532,48,84080148
87382358,87382341,"011",0,1,973000,Ligne de Paris-St-Lazare à Versailles-Rive-Droite,V1,353819,2,208814332,48,84013724
87382358,87382341,"011",0,2,973000,Ligne de Paris-St-Lazare à Versailles-Rive-Droite,V1,353820,2,201841312,48,83336252
87382341,87382333,"011",1,0,973000,Ligne de Paris-St-Lazare à Versailles-Rive-Droite,V1,353821,2,200257056,48,82452967
87382341,87382333,"011",1,1,973000,Ligne de Paris-St-Lazare à Versailles-Rive-Droite,V1,353822,2,195556699,48,81878528
87382341,87382333,"011",1,2,973000,Ligne de Paris-St-Lazare à Versailles-Rive-Droite,V1,353823,2,194494304,48,81821955
87382341,87382333,"011",1,3,973000,Ligne de Paris-St-Lazare à Versailles-Rive-Droite,V1,353824,2,190295964,48,81508609
87382333,87382887,"011",2,0,973000,Ligne de Paris-St-Lazare à Versailles-Rive-Droite,V1,353825,2,187230159,48,81126319
87382333,87382887,"011",2,1,973000,Ligne de Paris-St-Lazare à Versailles-Rive-Droite,V1,353826,2,173940377,48,80554837
87382887,87382879,"011",3,0,973000,Ligne de Paris-St-Lazare à Versailles-Rive-Droite,V1,353827,2,15883339,48,80532114
87382879,87382861,"011",4,0,973000,Ligne de Paris-St-Lazare à Versailles-Rive-Droite,V1,353828,2,149255274,48,8073191
87382879,87382861,"011",4,1,973000,Ligne de Paris-St-Lazare à Versailles-Rive-Droite,V1,353829,2,142335813,48,80907548
